-- phpMyAdmin SQL Dump
-- version 4.9.0.1
-- https://www.phpmyadmin.net/
--
-- Host: localhost:3306
-- Generation Time: Nov 20, 2019 at 06:41 PM
-- Server version: 5.7.26
-- PHP Version: 7.3.8

SET SQL_MODE = "NO_AUTO_VALUE_ON_ZERO";
SET time_zone = "+00:00";


/*!40101 SET @OLD_CHARACTER_SET_CLIENT=@@CHARACTER_SET_CLIENT */;
/*!40101 SET @OLD_CHARACTER_SET_RESULTS=@@CHARACTER_SET_RESULTS */;
/*!40101 SET @OLD_COLLATION_CONNECTION=@@COLLATION_CONNECTION */;
/*!40101 SET NAMES utf8mb4 */;

--
-- Database: `calory_tracker`
--

-- --------------------------------------------------------

--
-- Table structure for table `activity_calorie`
--

CREATE TABLE `activity_calorie` (
  `id` int(11) NOT NULL,
  `name` varchar(255) NOT NULL,
  `bet57and69` float NOT NULL,
  `bet70and84` float NOT NULL,
  `sup85` float NOT NULL
) ENGINE=InnoDB DEFAULT CHARSET=utf8;

--
-- Dumping data for table `activity_calorie`
--

INSERT INTO `activity_calorie` (`id`, `name`, `bet57and69`, `bet70and84`, `sup85`) VALUES
(1, 'Dormir', 19, 23, 28),
(2, 'Regarder la télévision', 23, 28, 33),
(3, 'Travailler sur ordinateur', 41, 51, 61),
(4, 'Bowling', 90, 112, 133),
(5, 'Curling', 120, 149, 178),
(6, 'Équitation', 120, 149, 178),
(7, 'Tai Chi', 120, 149, 178),
(8, 'Volleyball', 120, 149, 179),
(9, 'Baseball', 150, 186, 222),
(10, 'Marche', 150, 186, 222),
(11, 'Randonnée', 180, 223, 266),
(12, 'Natation', 180, 223, 266),
(13, 'Patinage sur glace', 210, 260, 311),
(14, 'Football', 210, 260, 311),
(15, 'Tennis', 210, 260, 311),
(16, 'Basketball', 240, 298, 355),
(17, 'Cyclisme', 240, 298, 355),
(18, 'Hockey', 240, 298, 355),
(19, 'Courir', 240, 298, 355),
(20, 'Ski de fond', 240, 298, 355),
(21, 'Saut à la corde', 300, 372, 444),
(22, 'Natation(brasse)', 300, 372, 444),
(23, 'Water Polo', 300, 372, 444),
(24, 'Cyclisme(25,75 - 30,6km/h)', 360, 446, 533),
(25, 'Courir(16,10 km/h)', 495, 614, 733);

-- --------------------------------------------------------

--
-- Table structure for table `dailycal`
--

CREATE TABLE `dailycal` (
  `id` int(11) NOT NULL,
  `user_id` int(11) NOT NULL,
  `calories` float NOT NULL DEFAULT '0',
  `activityCalorie` float NOT NULL DEFAULT '0',
  `date` date NOT NULL
) ENGINE=InnoDB DEFAULT CHARSET=utf8;

--
-- Dumping data for table `dailycal`
--

INSERT INTO `dailycal` (`id`, `user_id`, `calories`, `activityCalorie`, `date`) VALUES
(2, 12, 700, 0, '2019-11-18'),
(3, 12, 3210, 0, '2019-11-19'),
(5, 15, 5000, 0, '2019-11-19'),
(10, 12, 2325, 112, '2019-11-20'),
(11, 15, 8000, 0, '2019-11-20'),
(12, 17, 0, 0, '2019-11-20'),
(13, 18, 170, -1289, '2019-11-20');

-- --------------------------------------------------------

--
-- Table structure for table `food_calorie`
--

CREATE TABLE `food_calorie` (
  `id` int(11) NOT NULL,
  `category` int(11) NOT NULL,
  `nom` varchar(255) NOT NULL,
  `calorie_100g` float NOT NULL
) ENGINE=InnoDB DEFAULT CHARSET=utf8;

--
-- Dumping data for table `food_calorie`
--

INSERT INTO `food_calorie` (`id`, `category`, `nom`, `calorie_100g`) VALUES
(36, 3, 'Calabrese pizza', 235),
(37, 3, 'Calzone', 231),
(38, 3, 'Pizza', 202),
(39, 3, 'Pizza au fromage', 267),
(40, 3, 'Pizza au fromage de chèvre', 219),
(41, 3, 'Pizza au poivron rouge', 192),
(42, 3, 'Pizza au poulet', 234),
(43, 3, 'Pizza au salami', 255),
(44, 3, 'Pizza au thon', 254),
(45, 3, 'Pizza aux anchoix', 231),
(46, 3, 'Pizza aux champignons', 212),
(47, 3, 'Pizza aux crevettes', 209),
(48, 3, 'Pizza aux fruits de mer', 245),
(49, 3, 'Pizza aux légumes', 256),
(50, 3, 'Pizza aux pepperoni', 255),
(51, 3, 'Pizza aux épinards', 234),
(52, 3, 'Pizza aux épinards et à la fete', 242),
(53, 3, 'Pizza blanche', 246),
(54, 3, 'Pizza capricciosa', 260),
(55, 3, 'Pizza Cheezy Crust de Pizza Hut', 255),
(56, 3, 'Pizza hawaïenne', 115),
(57, 3, 'Pizza margharita', 275),
(58, 3, 'Pizza paysanne', 224),
(59, 3, 'Pizza quatre fromages', 248),
(60, 3, 'Pizza quatre saisons', 188),
(61, 3, 'Pizza reine', 195),
(62, 3, 'Pizza sicilienne', 241),
(63, 3, 'Pizza supême de Pizza Hut', 248),
(64, 3, 'Pizza végétarienne', 256),
(65, 3, 'Pizza à la mozarella', 249),
(66, 3, 'Pizza à la saucisse', 246),
(67, 3, 'Pizza à l\'oeuf', 202),
(68, 3, 'Pizza à pâte fine', 261),
(69, 3, 'Pâte a pizza', 228),
(70, 3, 'Tarte flambée', 253),
(71, 1, 'Abricot', 48),
(72, 1, 'Ananas', 50),
(73, 1, 'Avocat', 160),
(74, 1, 'Açaï', 70),
(75, 1, 'Banane', 89),
(76, 1, 'Banane plantain', 122),
(77, 1, 'Canneberges', 46),
(78, 1, 'Carambole', 31),
(79, 1, 'Cerises', 50),
(80, 1, 'Citron', 29),
(81, 1, 'Clémentine', 47),
(82, 1, 'Coing', 57),
(83, 1, 'Compote de pommes', 68),
(84, 1, 'Dattes', 282),
(85, 1, 'Figues', 74),
(86, 1, 'Fraises', 32),
(87, 1, 'Framboises', 52),
(88, 1, 'Fruit de la passion', 97),
(89, 1, 'Goyave', 68),
(90, 1, 'Grenade', 83),
(91, 1, 'Groseilles', 56),
(92, 1, 'Jacquier', 95),
(93, 1, 'Kaki', 127),
(94, 1, 'Kiwi', 61),
(95, 1, 'Lime', 30),
(96, 1, 'Litchis', 66),
(97, 1, 'Mandarines', 53),
(98, 1, 'Mangue', 60),
(99, 1, 'Melon cantaloup', 34),
(100, 1, 'Myrtilles', 57),
(101, 1, 'Mûres', 43),
(102, 1, 'Mûres d\'arbre', 43),
(103, 1, 'Nectarine', 44),
(104, 1, 'Olives', 115),
(105, 1, 'Orange', 47),
(106, 1, 'Oranges sanguines', 50),
(107, 1, 'Papaye', 43),
(108, 1, 'Pastèqye', 30),
(109, 1, 'Physalis', 49),
(110, 1, 'Poire', 57),
(111, 1, 'Pomme', 52),
(112, 1, 'Prune', 46),
(113, 1, 'Pêche', 39),
(114, 1, 'Raisin', 69),
(115, 1, 'Raisins secs', 299),
(116, 1, 'Ramboutan', 82),
(117, 1, 'Reine-claude', 41),
(118, 1, 'Rhubarde', 21),
(119, 1, 'Salade de fruits', 50),
(120, 1, 'Tamarin', 239),
(121, 1, 'Acérola', 32),
(122, 1, 'Cerise au marasquin', 165),
(123, 1, 'Chérimole', 75),
(124, 1, 'Durian', 147),
(125, 1, 'Feijoa', 55),
(126, 1, 'Figue de barbarie', 41),
(127, 1, 'Fruit à pain', 103),
(128, 1, 'Kumquat', 71),
(129, 1, 'Mangoustan', 73),
(130, 1, 'Melon', 34),
(131, 1, 'Melon casaba', 28),
(132, 1, 'Melon charentais', 34),
(133, 1, 'Melon Galia', 23),
(134, 1, 'Nashi', 42),
(135, 1, 'Noni', 53),
(136, 1, 'Pamplemousse', 42),
(137, 1, 'Pamplemousse rose', 42),
(138, 1, 'Pitaya', 60),
(139, 1, 'Pomélo', 38),
(140, 2, 'Ail', 149),
(141, 2, 'Artichaut', 47),
(142, 2, 'Asperge', 20),
(143, 2, 'Aubergine', 25),
(144, 2, 'Bette', 19),
(145, 2, 'Betterave', 43),
(146, 2, 'Brocoli', 34),
(147, 2, 'Carotte', 41),
(148, 2, 'Champignons', 22),
(149, 2, 'Chicorée', 72),
(150, 2, 'Chou', 25),
(151, 2, 'Chou cavalier', 32),
(152, 2, 'Chou chinois', 16),
(153, 2, 'Chou fleur', 25),
(154, 2, 'Chou frisé', 49),
(155, 2, 'Chou rave', 27),
(156, 2, 'Chou rouge', 31),
(157, 2, 'Choux de Bruxelles', 43),
(158, 2, 'Ciboulette', 30),
(159, 2, 'Citrouille', 26),
(160, 2, 'Concombre', 16),
(161, 2, 'Cornichon', 14),
(162, 2, 'Courge', 14),
(163, 2, 'Courgette', 17),
(164, 2, 'Céleri branche', 16),
(165, 2, 'Endive', 17),
(166, 2, 'Fanes de navets', 20),
(167, 2, 'Fenouil', 31),
(168, 2, 'Gombo', 33),
(169, 2, 'Haricots verts', 31),
(170, 2, 'Laitue', 15),
(171, 2, 'Maïs', 365),
(172, 2, 'Moutarde brune', 27),
(173, 2, 'Navets', 28),
(174, 2, 'Nori', 35),
(175, 2, 'Oignon', 40),
(176, 2, 'Oignon vert', 32),
(177, 2, 'Olives', 115),
(178, 2, 'Olives noires', 115),
(179, 2, 'Olives vertes', 115),
(180, 2, 'Panais', 75),
(181, 2, 'Patate douce', 86),
(182, 2, 'Piment', 27),
(183, 2, 'Poireau', 61),
(184, 2, 'Pois', 81),
(185, 2, 'Poivron', 27),
(186, 2, 'Pomme de terre', 77),
(187, 2, 'Radis', 16),
(188, 2, 'Raifort', 48),
(189, 2, 'Roquette', 25),
(190, 2, 'Rutabaga', 38),
(191, 2, 'Tomate', 18),
(192, 2, 'Tomate cerise', 100),
(193, 2, 'Wasabi', 109),
(194, 2, 'Échalotes', 72),
(195, 2, 'Épinards', 23),
(196, 2, 'Épinards à la crème', 74),
(197, 3, 'Ailes de poulet', 324),
(198, 3, 'Beignet d\'oignon', 411),
(199, 3, 'Belge', 230),
(200, 3, 'Big Mac McDonald\'s', 256),
(201, 3, 'Blanc de poulet', 163),
(202, 3, 'CheeseBurger', 263),
(203, 3, 'Chicken Mc Nuggets, McDonald\'s', 297),
(204, 3, 'Croque-monsieur', 295),
(205, 3, 'Curly fries', 311),
(206, 3, 'Double Cheeseburger', 267),
(207, 3, 'Double Whopper, Burger King', 239),
(208, 3, 'Fajitas aux poulet', 147),
(209, 3, 'Falafel', 335),
(210, 3, 'Filet-o-Fish', 282),
(211, 3, 'Fish and chips', 195),
(212, 3, 'Frites', 254),
(213, 3, 'Giant Quick', 312),
(214, 3, 'Hamburger', 254),
(215, 3, 'Hamburger végétarien', 181),
(216, 3, 'Hot Dog', 269),
(217, 3, 'Italian BMT', 183),
(218, 3, 'Kebab', 184),
(219, 3, 'Lasagnes', 132),
(220, 3, 'Long Chicken Quick', 463),
(221, 3, 'McChicken McDonald\'s', 251),
(222, 3, 'McMuffin McDonald\'s', 225),
(223, 3, 'Nachos au fromage', 306),
(224, 3, 'Nem', 244),
(225, 3, 'Nuggets de poulet', 296),
(226, 3, 'Potatoes McDonald\'s', 195),
(227, 3, 'Pâté impérial', 250),
(228, 3, 'QuickN\'Toast Quick', 287),
(229, 3, 'Royak Cheese McDonald\'s', 255),
(230, 3, 'Royal Deluxe McDonald\'s', 240),
(231, 3, 'Salade de poulet grillé', 88),
(232, 3, 'Sandwich au jambon', 241),
(233, 3, 'Sandwich au poisson', 273),
(234, 3, 'Sandwich au poulet', 241),
(235, 3, 'Sandwich au poulet pizzaiola', 141),
(236, 3, 'Sandwich au poulet Teriyaki', 138),
(237, 3, 'Sandwich au saucisson', 375),
(238, 3, 'Sandwich jambon-fromage', 306),
(239, 3, 'Saucisse bratwurst', 333),
(240, 3, 'Saumon fumé', 158),
(241, 3, 'Steak végétarien', 390),
(242, 3, 'Thon', 154),
(243, 3, 'Whopper Burger King', 231),
(244, 3, 'Wrap', 271),
(280, 4, 'Abondance', 402),
(281, 4, 'Asiago', 392),
(282, 4, 'Babybel', 333),
(283, 4, 'Beaufort', 401),
(284, 4, 'Bleu d\'Auvergne', 341),
(285, 4, 'Boursin', 409),
(286, 4, 'Brie', 334),
(287, 4, 'Brillat-savarin', 384),
(288, 4, 'Brocciu', 130),
(289, 4, 'Brousse', 154),
(290, 4, 'Cabécou du Perigourd', 282),
(291, 4, 'Camembert', 300),
(292, 4, 'Cancoillote', 118),
(293, 4, 'Cantal', 371),
(294, 4, 'Chaource', 292),
(295, 4, 'Chassée aux moines', 311),
(296, 4, 'Cheddar', 403),
(297, 4, 'Chester', 387),
(298, 4, 'Comté', 417),
(299, 4, 'Cottage cheese', 98),
(300, 4, 'Coulommiers', 287),
(301, 4, 'Crotin de chèvre', 367),
(302, 4, 'Edam', 357),
(303, 4, 'Emmental', 357),
(304, 4, 'Epoisses', 290),
(305, 4, 'Etorki', 280),
(306, 4, 'Faisselle', 84),
(307, 4, 'Feta', 264),
(308, 4, 'Fondue au fromage', 228),
(309, 4, 'Fontina', 389),
(310, 4, 'Fourme d\'Ambert', 353),
(311, 4, 'Fromage de brebis', 364),
(312, 4, 'Fromage de chèvre', 364),
(313, 4, 'Fromage italien', 397),
(314, 4, 'Fromage néerlandais', 393),
(315, 4, 'Fromage suisse', 380),
(316, 4, 'Fromage à pâte molle', 268),
(317, 4, 'Fromage à pâte persillée', 353),
(318, 4, 'Fromage à raclette', 357),
(319, 4, 'Gorgonzola', 350),
(320, 4, 'Gouda', 356),
(321, 4, 'Gruyère suisse', 413),
(322, 4, 'Halloumi', 321),
(323, 4, 'Havarti', 371),
(324, 4, 'Jarlsberg', 352),
(325, 4, 'Laguiole', 371),
(326, 4, 'Livarot', 354),
(327, 4, 'Maasdam', 344),
(328, 4, 'Manchego', 320),
(329, 4, 'Maroilles', 341),
(330, 4, 'Mimolette vielle', 421),
(331, 4, 'Mont d\'or', 350),
(332, 4, 'Morbier', 347),
(333, 4, 'Mozarella', 280),
(334, 4, 'Munster', 368),
(335, 4, 'Neufchâtel', 253),
(336, 4, 'Ossau-iraty', 355),
(337, 4, 'Parmesan', 431),
(338, 4, 'Pavé d\'affinois allégé', 170),
(339, 4, 'Pecorino', 387),
(340, 4, 'Port-salut', 322),
(341, 4, 'Provolone', 351),
(342, 4, 'Pélardon', 352),
(343, 4, 'Reblochon', 354),
(344, 4, 'Ricotta', 174),
(345, 4, 'Rocamadour', 283),
(346, 4, 'Roquefort', 369),
(347, 4, 'Saint-Morêt', 203),
(348, 4, 'Saint-nectaire', 341),
(349, 4, 'Stilton', 393),
(350, 4, 'Tartinade au fromage', 290),
(351, 4, 'Tomme des Pyrénées', 283),
(352, 4, 'Vacherin', 288),
(353, 4, 'Fromage frais au poivre', 252),
(354, 4, 'Fromage frais aux fines herbes et à l\'ail', 342),
(355, 4, 'Fromage frais aux noix', 342),
(356, 4, 'Fromage frais à la ciboulette', 342),
(357, 4, 'Fromage à la crème', 342),
(358, 4, 'Fromage à la crème Philadelphia', 342),
(359, 4, 'Kiri', 310),
(360, 4, 'Mascarpone', 450),
(361, 4, 'Obatzda', 303),
(362, 4, 'Raifort', 48),
(363, 4, 'Vache qui rit', 275),
(364, 4, 'Babeurre', 62),
(365, 4, 'Chocolat chaud', 89),
(366, 4, 'Crème', 242),
(367, 4, 'Crème aigre', 181),
(368, 4, 'Crème allégée', 102),
(369, 4, 'Crème anglaise', 135),
(370, 4, 'Crème fouettée', 257),
(371, 4, 'Crème fraîche', 393),
(372, 4, 'Crème liquide', 163),
(373, 4, 'Crème pâtissière', 122),
(374, 4, 'Crème à café', 195),
(375, 4, 'Fromage blanc', 98),
(376, 4, 'Kéfir', 55),
(377, 4, 'Lait', 61),
(378, 4, 'Lait concentré non sucré', 134),
(379, 4, 'Lait concentré sucré', 321),
(380, 4, 'Lait de chèvre', 69),
(381, 4, 'Lait de coco', 230),
(382, 4, 'Lait de riz', 49),
(383, 4, 'Lait de soja', 45),
(384, 4, 'Lait demi-écrémé', 50),
(385, 4, 'Lait d\'amande', 17),
(386, 4, 'Lait en poudre', 496),
(387, 4, 'Lait entier', 61),
(388, 4, 'Lait sans lactose', 52),
(389, 4, 'Lait écrémé', 35),
(390, 4, 'Lassi', 75),
(391, 4, 'Mousse au chocolat', 225),
(392, 4, 'Petits-suisses', 135),
(393, 4, 'Riz au lait', 118),
(394, 4, 'Semoule au lait', 67),
(395, 4, 'Tzatziki', 117),
(396, 4, 'Yaourt', 61),
(397, 4, 'Activia', 74),
(398, 4, 'Activia au citron', 100),
(399, 4, 'Activia à la fraise', 97),
(400, 4, 'Ayran', 42),
(401, 4, 'Yaourt allégé', 63),
(402, 4, 'Yaourt au café', 100),
(403, 4, 'Yaourt au chocolat', 128),
(404, 4, 'Yaourt au lait écrémé', 56),
(405, 4, 'Yaourt aux fruits', 97),
(406, 4, 'Yaourt biologique', 75),
(407, 4, 'Yaourt brassé', 68),
(408, 4, 'Yaourt crémeurx', 90),
(409, 4, 'Yaourt entier', 67),
(410, 4, 'Yaourt grec', 114),
(411, 4, 'Yaourt nature', 66),
(412, 4, 'Yaourt nature sucré', 77),
(413, 4, 'Yaourt probiotique', 80),
(414, 4, 'Yaourt sans sucre', 49),
(415, 4, 'Yaourt stracciatella', 139),
(416, 4, 'Yaourt à boire', 70),
(417, 4, 'Yaourt à la cerise', 97),
(418, 4, 'Yaourt à la fraise', 100),
(419, 4, 'Yaourt à la myrtille', 105),
(420, 4, 'Yaourt à la pêche', 97),
(421, 4, 'Yaourt à la vanille', 101),
(422, 5, 'Abats de dindon', 173),
(423, 5, 'Abats de poulets', 277),
(424, 5, 'Cervelle de boeuf', 196),
(425, 5, 'Cervelle de porc', 138),
(426, 5, 'Cervelle de veau', 136),
(427, 5, 'Coeur de boeuf', 165),
(428, 5, 'Coeur de dindon', 174),
(429, 5, 'Coeur de porc', 148),
(430, 5, 'Coeur de poulet', 185),
(431, 5, 'Coeur de veay', 186),
(432, 5, 'Estomac de dindon', 148),
(433, 5, 'Estomac de porc', 157),
(434, 5, 'Estomac de poulet', 148),
(435, 5, 'Foie de boeuf', 191),
(436, 5, 'Foie de canard', 136),
(437, 5, 'Foie de dinde', 189),
(438, 5, 'Foie de porc', 165),
(439, 5, 'Foie de poulet', 172),
(440, 5, 'Foie de veau', 192),
(441, 5, 'Foie d\'oie', 133),
(442, 5, 'Langue de boeuf', 284),
(443, 5, 'Langue de porc', 271),
(444, 5, 'Langue de veau', 202),
(445, 5, 'Mou de boeuf', 120),
(446, 5, 'Mou de porc', 99),
(447, 5, 'Rate de boeuf', 271),
(448, 5, 'Rate de porc', 219),
(449, 5, 'Ris de veau', 125),
(450, 5, 'Rognon de boeuf', 158),
(451, 5, 'Rognon de porc', 151),
(452, 5, 'Rognon de veau', 163),
(453, 5, 'Bavette', 194),
(454, 5, 'Boeuf', 171),
(455, 5, 'Boeuf haché', 241),
(456, 5, 'Châteaubriand', 121),
(457, 5, 'Collier de boeuf', 213),
(458, 5, 'Côte de boeuf', 196),
(459, 5, 'Côte de boeuf rôtie', 187),
(460, 5, 'Côte de veau', 237),
(461, 5, 'Entrecôte', 217),
(462, 5, 'Faux-Filet', 117),
(463, 5, 'Filet de boeuf', 189),
(464, 5, 'Filet de veau', 217),
(465, 5, 'Filet mignon', 207),
(466, 5, 'Flanchet', 231),
(467, 5, 'Goulasch de boeuf', 123),
(468, 5, 'Gîte', 158),
(469, 5, 'Hampe', 205),
(470, 5, 'Jarret de veau', 177),
(471, 5, 'Noix de veau', 228),
(472, 5, 'Onglet', 171),
(473, 5, 'Paleron', 137),
(474, 5, 'Pancréas de boeuf', 271),
(475, 5, 'Poitrine de boeuf', 137),
(476, 5, 'Poitrine de veau', 282),
(477, 5, 'Quasi de veau', 171),
(478, 5, 'Queue de boeuf', 196),
(479, 5, 'Ragoût de boeuf', 191),
(480, 5, 'Ris de boeuf', 319),
(481, 5, 'Rumsteak', 171),
(482, 5, 'Rôti de veau', 175),
(483, 5, 'Steak de surlongue de boeuf', 182),
(484, 5, 'Steak haché', 247),
(485, 5, 'Suif de boeuf', 854),
(486, 5, 'Tende de tranche', 116),
(487, 5, 'Tendron', 210),
(488, 5, 'Tournedos', 188),
(489, 5, 'Tripes de boeuf', 94),
(490, 5, 'Veau', 282),
(491, 5, 'Viande hachée', 250),
(492, 5, 'Émincé de veau', 143),
(493, 5, 'Épaule de veau', 183),
(494, 5, 'Baloney', 247),
(495, 5, 'Blanc de dinde', 104),
(496, 5, 'Bresaola', 178),
(497, 5, 'Chorizo', 455),
(498, 5, 'Coppa', 110),
(499, 5, 'Corned Beef', 251),
(500, 5, 'Filet de poulet', 79),
(501, 5, 'Fromage de tête', 157),
(502, 5, 'Jambon', 145),
(503, 5, 'Jambon blanc', 343),
(504, 5, 'Jambon bouilli', 126),
(505, 5, 'Jambon de dinde', 126),
(506, 5, 'Jambon de dinde cuit au four', 104),
(507, 5, 'Jambon de dinde fumé', 104),
(508, 5, 'Jambon de Parme', 345),
(509, 5, 'Jambon fumé', 107),
(510, 5, 'Jambon Serrano', 300),
(511, 5, 'Langue', 284),
(512, 5, 'Lebenwurst', 326),
(513, 5, 'Pastrami', 133),
(514, 5, 'Prosciutto', 195),
(515, 5, 'Rosbif', 267),
(516, 5, 'Rosette', 395),
(517, 5, 'Rôti de porc', 247),
(518, 5, 'Salami', 336),
(519, 5, 'Salami de dinde', 152),
(520, 5, 'Saucisse sèche', 390),
(521, 5, 'Saucisson', 298),
(522, 5, 'Saucisson au jambon', 164),
(523, 5, 'Saucisson à l\'ail', 286),
(524, 5, 'Andouille', 232),
(525, 5, 'Andouillette', 267),
(526, 5, 'Baloney', 247),
(527, 5, 'Blanc de poulet', 79),
(528, 5, 'Bockwurst', 301),
(529, 5, 'Boudin blanc', 270),
(530, 5, 'Boudin noir', 379),
(531, 5, 'Bratwurst', 297),
(532, 5, 'Cervelas', 320),
(533, 5, 'Chipolata', 341),
(534, 5, 'Diot', 342),
(535, 5, 'Foie gras', 479),
(536, 5, 'Fromage de tête', 157),
(537, 5, 'Gendarme', 352),
(538, 5, 'Hot Dog', 278),
(539, 5, 'Jambon blanc', 133),
(540, 5, 'Jambon cru', 192),
(541, 5, 'Jambon persillé', 135),
(542, 5, 'Kielbasa', 309),
(543, 5, 'Knack', 307),
(544, 5, 'Lard', 407),
(545, 5, 'Merguez', 279),
(546, 5, 'Mettwurst', 310),
(547, 5, 'Mortadelle', 311),
(548, 5, 'Mousse de foie', 280),
(549, 5, 'Pastrami', 133),
(550, 5, 'Porc', 247),
(551, 5, 'Pâté de canard', 436),
(552, 5, 'Pâté de foie', 319),
(553, 5, 'Pâté de croûte', 270),
(554, 5, 'Rillettes', 357),
(555, 5, 'Salade de poulet', 81),
(556, 5, 'Salami', 336),
(557, 5, 'Saucisse', 230),
(558, 5, 'Saucisse blanche', 313),
(559, 5, 'Saucisse de Francfort', 305),
(560, 5, 'Saucisse de Morteaux', 320),
(561, 5, 'Saucisse de Strasbourg', 281),
(562, 5, 'Saucisse de Toulouse', 254),
(563, 5, 'Saucisse fumée', 301),
(564, 5, 'Saucisse italienne', 149),
(565, 5, 'Terrine de campagne', 284),
(566, 5, 'Viande de poulet', 79),
(567, 5, 'Agneau', 202),
(568, 5, 'Alligator', 104),
(569, 5, 'Antilope', 150),
(570, 5, 'Autruche', 175),
(571, 5, 'Bison', 171),
(572, 5, 'Buffle', 131),
(573, 5, 'Canard colvert', 211),
(574, 5, 'Caribou', 159),
(575, 5, 'Castor', 212),
(576, 5, 'Cerf', 119),
(577, 5, 'Chevreuil', 164),
(578, 5, 'Faisan', 239),
(579, 5, 'Faux-filet de bison', 171),
(580, 5, 'Faux-filet de chevreuil', 158),
(581, 5, 'Lapin', 197),
(582, 5, 'Lièvre', 124),
(583, 5, 'Mouton', 234),
(584, 5, 'Oie', 238),
(585, 5, 'Ours', 259),
(586, 5, 'Pavé de biche', 116),
(587, 5, 'Perdrix', 222),
(588, 5, 'Raton laveur', 255),
(589, 5, 'Renne', 200),
(590, 5, 'Sanglier', 160),
(591, 5, 'Écureuil', 173),
(592, 5, 'Élan', 134),
(593, 5, 'Abats de poulet', 158),
(594, 5, 'Aile de poulet', 266),
(595, 5, 'Aile de dinde', 221),
(596, 5, 'Alligator', 232),
(597, 5, 'Bavette', 148),
(598, 5, 'Bifteck de ronde', 182),
(599, 5, 'Blanc de dinde', 135),
(600, 5, 'Blanc de poulet', 172),
(601, 5, 'Boeuf', 248),
(602, 5, 'Boeuf haché', 246),
(603, 5, 'Boeuf séché', 410),
(604, 5, 'Canard', 337),
(605, 5, 'Cochon', 196),
(606, 5, 'Collier', 432),
(607, 5, 'Cuisse de poulet', 161),
(608, 5, 'Côte de boeuf', 238),
(609, 5, 'Côte de boeuf rôtie', 333),
(610, 5, 'Côtelettes de porc', 196),
(611, 5, 'Côtes levées de proc', 212),
(612, 5, 'Dinde', 189),
(613, 5, 'Entrcôte', 203),
(614, 5, 'Escalope de dinde', 189),
(615, 5, 'Escalope panée', 156),
(616, 5, 'Faux-filet', 166),
(617, 5, 'Filet de boeuf', 166),
(618, 5, 'Filet mignon', 267),
(619, 5, 'Foie de poulet', 167),
(620, 5, 'Gigot d\'agneau', 216),
(621, 5, 'Graisse de poulet', 898),
(622, 5, 'Gésiers de poulet ', 146),
(623, 5, 'Gîte ', 170),
(624, 5, 'Jambon', 163),
(625, 5, 'Joue de boeuf', 112),
(626, 5, 'Longe de porc', 204),
(627, 5, 'Onglet', 200),
(628, 5, 'Paleron', 216),
(629, 5, 'Palette de porc', 309),
(630, 5, 'Pieds de porc', 232),
(631, 5, 'Plat de côte', 283),
(632, 5, 'Poitrine de boeuf', 242),
(633, 5, 'Tournedos', 188),
(634, 5, 'Travers de porc', 238),
(635, 5, 'Viande de poulet', 172),
(636, 6, 'Baba au rhum', 297),
(637, 6, 'Banoffee Pie', 395),
(638, 6, 'Beignet', 412),
(639, 6, 'Bûche de Noël', 320),
(640, 6, 'Cake aux fruits confits', 324),
(641, 6, 'Chausson aux pommes', 348),
(642, 6, 'Cheesecake', 321),
(643, 6, 'Chou à la crème', 334),
(644, 6, 'Crumble aux fruits rouges', 373),
(645, 6, 'Crumble aux pommes', 242),
(646, 6, 'Crème caramel', 145),
(647, 6, 'Cupcake', 305),
(648, 6, 'Donut', 403),
(649, 6, 'Eclair', 262),
(650, 6, 'Fraisier', 235),
(651, 6, 'Framboisier', 262),
(652, 6, 'Galette des rois', 377),
(653, 6, 'Gaufres', 312),
(654, 6, 'Gâteau au chocolat', 389),
(655, 6, 'Gâteau au chocolat sans farine', 509),
(656, 6, 'Gâteau au fromage blanc', 292),
(657, 6, 'Gâteau au pavot', 394),
(658, 6, 'Gâteau aux carottes', 408),
(659, 6, 'Gâteau pommes', 252),
(660, 6, 'Gâteau de mariage', 381),
(661, 6, 'Gâteau des anges', 258),
(662, 6, 'Gâteau d\'anniversaire', 465),
(663, 6, 'Gâteau Forêt-noire', 264),
(664, 6, 'Gâteau marbré', 339),
(665, 6, 'Gâteau roulé', 439),
(666, 6, 'Gâteau tiramisu', 291),
(809, 6, 'Gâteau à la crème glacée', 200),
(810, 6, 'Gâteau à la mousse au chocolat', 260),
(811, 6, 'Gâteau à la noix de coco', 356),
(812, 6, 'Génoise', 289),
(813, 6, 'Kouglof', 412),
(814, 6, 'Meringue', 285),
(815, 6, 'Moka', 323),
(816, 6, 'Muffin au chocolat', 420),
(817, 6, 'Muffin aux myrtilles', 377),
(818, 6, 'Omelette norvégienne', 247),
(819, 6, 'Opéra', 320),
(820, 6, 'Pain d\'épices', 356),
(821, 6, 'Pancake', 227),
(822, 6, 'Panettone', 360),
(823, 6, 'Paris-Brest', 341),
(824, 6, 'Pavlova', 294),
(825, 6, 'Profiteroles', 334),
(826, 6, 'Pâte feuilletée', 558),
(827, 6, 'Quatre-quarts', 390),
(828, 6, 'Religieuse', 230),
(829, 6, 'Sachertorte', 352),
(830, 6, 'Strudel aux pommes', 274),
(831, 6, 'Tarte au chocolat', 384),
(832, 6, 'Tarte au citron', 359),
(833, 6, 'Tarte au flan', 420),
(834, 6, 'Tarte aux myrtilles', 232),
(835, 6, 'Tarte aux cerises', 260),
(836, 6, 'Tarte aux fraises', 230),
(837, 6, 'Tarte aux fraises et rhubarbe', 281),
(838, 6, 'Tarte aux framboises', 240),
(839, 6, 'Tarte aux mirabelles', 248),
(840, 6, 'Tarte aux pommes', 193),
(841, 6, 'Tarte aux prunes', 109),
(842, 6, 'Tarte aux pêches', 223),
(843, 6, 'Tarte Tatin', 210),
(844, 6, 'Tarte à la rhubarbe', 245),
(845, 6, 'Tiramisu', 283),
(846, 6, 'Trifle', 180),
(847, 6, 'Banana split', 214),
(848, 6, 'Barres glacées Snickers', 360),
(849, 6, 'Barres glacées Bounty', 279),
(850, 6, 'Café liégois', 155),
(851, 6, 'Chocolat liégois', 155),
(852, 6, 'Colonel', 363),
(853, 6, 'Cornet à la vanille', 162),
(854, 6, 'Cône glacé au chocolat', 222),
(855, 6, 'Cône glacé à la pistache', 203),
(856, 6, 'Cône glacé à la vanille', 186),
(857, 6, 'Dame blanche', 110),
(858, 6, 'Esquimau à la vanille', 188),
(859, 6, 'Glace au café', 236),
(860, 6, 'Glace au chocolat', 216),
(861, 6, 'Glace aux pépites de chocolat', 215),
(862, 6, 'Glace italienne', 222),
(863, 6, 'Glace à la fraise', 236),
(864, 6, 'Glace à la menthe et aux éclats de chocolat noir', 239),
(865, 6, 'Glace à la pistache', 204),
(866, 6, 'Glace à la vanille', 201),
(867, 6, 'Glace à la vanille avec morceaux de cookies', 200),
(868, 6, 'Lait glacé', 159),
(869, 6, 'Magnum', 300),
(870, 6, 'Magnum amande', 315),
(871, 6, 'Magnum blanc', 297),
(872, 6, 'Magnum double caramel', 355),
(873, 6, 'Magnum double chocolat', 380),
(874, 6, 'Magnum gold', 341),
(875, 6, 'Barre glacée Mars', 272),
(876, 6, 'McFlurry', 153),
(877, 6, 'McFlurry Daim', 242),
(878, 6, 'McFlurry M&M\'s', 191),
(879, 6, 'McFlurry Oreo', 186),
(880, 6, 'McFlurry Smarties', 198),
(881, 6, 'Poire belle Hélène', 196),
(882, 6, 'Pêche Melba', 108),
(883, 6, 'Sandwich à la crème glacée', 237),
(884, 6, 'Solero', 100),
(885, 6, 'Sorbet au citron', 65),
(886, 6, 'Sundae', 215),
(887, 6, 'Sundae au caramel', 196),
(888, 6, 'Sundae à la fraise', 158),
(889, 6, 'After Eight', 452),
(890, 6, 'Amandes grillées', 452),
(891, 6, 'Barbe à papa', 643),
(892, 6, 'Barre chocolatée', 533),
(893, 6, 'Barre de céréales', 452),
(894, 6, 'Biscuit chinois', 214),
(895, 6, 'Bonbon Arelquin', 383),
(896, 6, 'Bonbon au coca', 335),
(897, 6, 'Bonbon au réglisse', 385),
(898, 6, 'Bonbon à la menthe', 394),
(899, 6, 'Bonbon à la violette', 234),
(900, 6, 'Carambars au caramel', 405),
(901, 6, 'Carambars au fruit', 395),
(902, 6, 'Célébrations', 490),
(903, 6, 'Chamallows', 318),
(904, 6, 'Chocolat', 529),
(905, 6, 'Chocolat Lindt', 548),
(906, 6, 'Cookies', 488),
(907, 6, 'Cookies au beurre de cacahuète', 475),
(908, 6, 'Dragibus', 354),
(909, 6, 'Dragée', 429),
(910, 6, 'Ferrero Rocher', 576),
(911, 6, 'Fisherman\'s Firend', 387),
(912, 6, 'Fraises Tagada', 377),
(913, 6, 'Frites', 337),
(914, 6, 'Gaufres', 272),
(915, 6, 'Graines de citrouille', 560),
(916, 6, 'Guimauve', 380),
(917, 6, 'Hanuta', 541),
(918, 6, 'Kinder Bueno', 575),
(919, 6, 'Kinder Schokobon', 575),
(920, 6, 'Kinder Surprise', 550),
(921, 6, 'Kit Kat', 521),
(922, 6, 'M&M\'s', 479),
(923, 6, 'Malabar', 315),
(924, 6, 'Maltesers', 498),
(925, 6, 'Mars', 448),
(926, 6, 'Mentos', 390),
(927, 6, 'Michoko', 460),
(928, 6, 'Milky Way', 449),
(929, 6, 'Mon Chéri', 448),
(930, 6, 'Ours en guimauve enrobés de chocolat au lait', 433),
(931, 6, 'Ourson gélifiés', 316),
(932, 6, 'Pain perdu', 196),
(933, 6, 'Pastilles Vichy', 395),
(934, 6, 'Pez', 427),
(935, 6, 'Pomme d\'amour', 152),
(936, 6, 'Popcorn', 582),
(937, 6, 'Pyrénéens de Lindt', 500),
(938, 6, 'Pâte d\'amande', 411),
(939, 6, 'Pépites de chocolat', 493),
(940, 6, 'Ricola', 400),
(941, 6, 'Riz au lait', 134),
(942, 6, 'Rocher Suchard', 565),
(943, 6, 'Réglisse', 375),
(944, 6, 'Schtroumphs', 334),
(945, 6, 'Semoule', 304),
(946, 6, 'Skittles', 405),
(947, 6, 'Smarties', 357),
(948, 6, 'Snikers', 484),
(949, 6, 'Spritz', 500),
(950, 6, 'Spéculoos', 469),
(951, 6, 'Sucette', 392),
(952, 6, 'Sucre d\'orge', 423),
(953, 6, 'Tic Tac', 395),
(954, 6, 'Toblerone', 525),
(955, 6, 'Trifle', 186),
(956, 6, 'Twix', 495),
(957, 6, 'Werther\'s Original', 428),
(958, 7, '1664', 52),
(959, 7, 'Ale', 35),
(960, 7, 'Altbier', 43),
(961, 7, 'Beck\'s', 39),
(962, 7, 'Bière', 43),
(963, 7, 'Bière blanche', 52),
(964, 7, 'Bière brune', 46),
(965, 7, 'Bière de gingembre', 42),
(966, 7, 'Bière forte', 55),
(967, 7, 'Bière light', 29),
(968, 7, 'Bière sans alcool', 37),
(969, 7, 'Bière trappiste', 80),
(970, 7, 'Bock', 50),
(971, 7, 'Carlsberg', 32),
(972, 7, 'Corona', 42),
(973, 7, 'Desperados', 61),
(974, 7, 'Guinness', 35),
(975, 7, 'Heineken', 35),
(976, 7, 'Hoegaarden Blanche', 48),
(977, 7, 'Indian Pale Ale', 51),
(978, 7, 'Koelsch', 43),
(979, 7, 'Kronenbourg', 38),
(980, 7, 'Lager', 43),
(981, 7, 'Lambic', 51),
(982, 7, 'Leffe', 61),
(983, 7, 'Lowenbrau', 45),
(984, 7, 'Malzbier', 37),
(985, 7, 'Pale Ale', 42),
(986, 7, 'Panaché', 38),
(987, 7, 'Pelforth', 55),
(988, 7, 'Pils', 43),
(989, 7, 'Porter', 54),
(990, 7, 'Stella Artois', 46),
(991, 7, 'Stout', 51),
(992, 7, 'Weissbier', 45),
(993, 7, 'Absinthe', 348),
(994, 7, 'Advocaat', 283),
(995, 7, 'Amaretto', 310),
(996, 7, 'Arak', 334),
(997, 7, 'Armagnac', 280),
(998, 7, 'Asti', 138),
(999, 7, 'Baileys', 327),
(1000, 7, 'Baileys Irish Cream', 327),
(1001, 7, 'Ballantines', 223),
(1002, 7, 'Banyuls', 149),
(1003, 7, 'Bourbon', 223),
(1004, 7, 'Brandy', 213),
(1005, 7, 'Calvados', 248),
(1006, 7, 'Chambord', 348),
(1007, 7, 'Champagne', 75),
(1008, 7, 'Chiva\'s Regal', 219),
(1009, 7, 'Cidre', 49),
(1010, 7, 'Cognac', 235),
(1011, 7, 'Cointreau', 320),
(1012, 7, 'Crème de cassis', 281),
(1013, 7, 'Crémant', 86),
(1014, 7, 'Curacao', 243),
(1015, 7, 'Drambule', 358),
(1016, 7, 'Eau de vie de prune', 235),
(1017, 7, 'Frangelico', 238),
(1018, 7, 'Gentiane', 150),
(1019, 7, 'Gin', 263),
(1020, 7, 'Glenfiddich', 230),
(1021, 7, 'Grand Marnier', 253),
(1022, 7, 'Grappa', 242),
(1023, 7, 'Irish Whisky', 233),
(1024, 7, 'Jack Daniel\'s', 146),
(1025, 7, 'Jim Beam', 222),
(1026, 7, 'Jägermeister', 250),
(1027, 7, 'Kahlua', 180),
(1028, 7, 'Kir', 95),
(1029, 7, 'Kirsch', 217),
(1030, 7, 'Liqueur', 250),
(1031, 7, 'Malibu', 159),
(1032, 7, 'Midori', 267),
(1033, 7, 'Mirabelle', 312),
(1034, 7, 'Pastis', 323),
(1035, 7, 'Pinot des Charentes', 117),
(1036, 7, 'Porto', 158),
(1037, 7, 'Prosecco', 66),
(1038, 7, 'Punch', 62),
(1039, 7, 'Rhum', 231),
(1040, 7, 'Sambuca', 333),
(1041, 7, 'Sangria', 96),
(1042, 7, 'Scotch Whisky', 222),
(1043, 7, 'Sherry', 116),
(1044, 7, 'Southern Comfort', 247),
(1045, 7, 'Suze', 39),
(1046, 7, 'Tequila', 110),
(1047, 7, 'Triple Sec', 153),
(1048, 7, 'Vermouth', 130),
(1049, 7, 'Vin', 83),
(1050, 7, 'Vin blanc', 82),
(1051, 7, 'Vin rosé', 71),
(1052, 7, 'Vin rouge', 85),
(1053, 7, 'Vodka', 231),
(1054, 7, 'Whisky', 250),
(1055, 7, 'Whisky canadier', 216),
(1056, 7, 'Brut de pomme', 46),
(1057, 7, 'Canada Dry', 39),
(1058, 7, 'Champomy', 55),
(1059, 7, 'Coca Zero', 0),
(1060, 7, 'Coca-Cola', 42),
(1061, 7, 'Coca-Cola Cherry', 44),
(1062, 7, 'Coca-Cola Light', 1),
(1063, 7, 'Coca-Cola Vanille', 45),
(1064, 7, 'Coca-Cola Zero Cherry', 1),
(1065, 7, 'Eau tonique', 35),
(1066, 7, 'Fanta', 39),
(1067, 7, 'Fanta Zero', 0),
(1068, 7, 'Ginger Ale', 35),
(1069, 7, 'Limonade', 42),
(1070, 7, 'Minute Maid', 46),
(1071, 7, 'Oasis', 29),
(1072, 7, 'Orangina', 43),
(1073, 7, 'Orangina Light', 6),
(1074, 7, 'Pepsi', 44),
(1075, 7, 'Pepsi Light', 0),
(1076, 7, 'Powerade', 120),
(1077, 7, 'Red Bull', 45),
(1078, 7, 'Schweppes Agrum\'', 28),
(1079, 7, 'Schweppes Indian Tonic', 22),
(1080, 7, 'Seven Up', 44),
(1081, 7, 'Soda', 53),
(1082, 7, 'Soda à l\'orange', 48),
(1083, 7, 'Sprite', 37),
(1084, 7, 'Sprite Zero', 0),
(1085, 7, 'Taillefine Fiz', 3),
(1086, 7, 'Thé glacé', 27),
(1087, 7, 'Aloe vera', 44),
(1088, 7, 'Boisson énergisante', 87),
(1089, 7, 'Capri-Sun', 41),
(1090, 7, 'Clamato', 60),
(1091, 7, 'Eau de coco', 19),
(1092, 7, 'Infusion de camomille', 0),
(1093, 7, 'Jus de banane', 50),
(1094, 7, 'Jus de canneberge', 46),
(1095, 7, 'Jus de carotte', 40),
(1096, 7, 'Jus de cerise', 45),
(1097, 7, 'Jus de choucroute', 14),
(1098, 7, 'Jus de citron', 21),
(1099, 7, 'Jus de concombre', 10),
(1100, 7, 'Jus de fruit de la passion', 48),
(1101, 7, 'Jus de grenade', 66),
(1102, 7, 'Jus de groseille', 48),
(1103, 7, 'Jus de lime', 21),
(1104, 7, 'Jus de légumes', 21),
(1105, 7, 'Jus de mandarine', 43),
(1106, 7, 'Jus de mûre', 48),
(1107, 7, 'Jus de pamplemousse', 46),
(1108, 7, 'Jus de papaye', 58),
(1109, 7, 'Jus de poire', 60),
(1110, 7, 'Jus de pomme', 46),
(1111, 7, 'Jus de prune', 71),
(1112, 7, 'Jus de pêche', 54),
(1113, 7, 'Jus de raisin', 60),
(1114, 7, 'Jus de raisin blanc', 75),
(1115, 7, 'Jus de tomate', 17),
(1116, 7, 'Jus d\'ananas', 53),
(1117, 7, 'Jus d\'açai', 58),
(1118, 7, 'Jus d\'orange', 46),
(1119, 7, 'Jus multivitaminé', 49),
(1120, 7, 'Lait de coco', 233),
(1121, 7, 'Lassi à la mangue', 66),
(1122, 7, 'Limonade', 50),
(1123, 7, 'Nectar de poire', 60),
(1124, 7, 'Nectar d\'abricot', 56),
(1125, 7, 'Nestea', 21),
(1126, 8, 'Cheerios', 347),
(1127, 8, 'Cinnamon Toast Crunch', 433),
(1128, 8, 'Rice Krispies au chocolat', 386),
(1129, 8, 'Coco Pops', 400),
(1130, 8, 'Cookie Crisp', 400),
(1131, 8, 'Corn flakes', 357),
(1132, 8, 'Corn pops', 377),
(1133, 8, 'Crème de blé', 364),
(1134, 8, 'Crunchy Nut', 600),
(1135, 8, 'Crunchy Nut Cornflakes', 600),
(1136, 8, 'Froot Loops', 379),
(1137, 8, 'Frosted Mini-Wheats', 353),
(1138, 8, 'Frosties', 367),
(1139, 8, 'Smacks', 370),
(1140, 8, 'Corn Flakes de Kelloggs', 357),
(1141, 8, 'Kix', 367),
(1142, 8, 'Lucky Charms', 406),
(1143, 8, 'Mini-Wheats', 353),
(1144, 8, 'Muesli', 336),
(1145, 8, 'Multigrain Cheerios', 380),
(1146, 8, 'Flocons d\'avoine', 375),
(1147, 8, 'Riz soufflé', 383),
(1148, 8, 'Blé soufflé', 367),
(1149, 8, 'Rice Krispies', 394),
(1150, 8, 'Shreddies', 351),
(1151, 8, 'Special K', 377),
(1152, 8, 'Special K Feuilles de chocolat noir', 388),
(1153, 8, 'Special K Protein Plus', 375),
(1154, 8, 'Special K aux fruits rouges', 345),
(1155, 8, 'Trix', 400),
(1156, 8, 'Weetabix', 358),
(1157, 8, 'Chocos', 380),
(1158, 8, 'Coco Pops', 376),
(1159, 8, 'Miel Pops', 381),
(1160, 8, 'Crunch', 413),
(1161, 8, 'Céréales Lion', 419),
(1162, 8, 'Golden Graham', 372),
(1163, 8, 'Céréales Nesquik', 380),
(1164, 8, 'Special K Feuilles de chocolat au lait', 398),
(1165, 8, 'Special K Noisettes et amandes effilées', 394),
(1166, 8, 'Special K aux trois céréales', 381),
(1167, 8, 'Trésor chocolat noisette', 448),
(1168, 8, 'Trésor chocolat au lait', 450),
(1169, 8, 'Country Crisp au chocolat de Jordans', 464),
(1170, 8, 'Country Crisp aux noix de Jordans', 492),
(1171, 8, 'Country Store de Kellogs', 353),
(1172, 8, 'Bavette', 356),
(1173, 8, 'Boulettes de pâte', 99),
(1174, 8, 'Cannellonis', 146),
(1175, 8, 'Capellinis', 353),
(1176, 8, 'Cappellettis', 164),
(1177, 8, 'Conchiglie', 353),
(1178, 8, 'Coquillettes', 354),
(1179, 8, 'Crozets', 362),
(1180, 8, 'Dampfnudel', 274),
(1181, 8, 'Dangmyeon', 192),
(1182, 8, 'Farfalles', 358),
(1183, 8, 'Fettuccine', 353),
(1184, 8, 'Feuilles de lasagnes', 271),
(1185, 8, 'Fusillis', 352),
(1186, 8, 'Linguine', 357),
(1187, 8, 'Macaronis', 370),
(1188, 8, 'Mafaldine', 358),
(1189, 8, 'Mostaccioli', 184),
(1190, 8, 'Nouilles aux oeufs', 384),
(1191, 8, 'Nouilles de soja', 216),
(1192, 8, 'Nouilles Shirataki', 18),
(1193, 8, 'Orecchiette', 370),
(1194, 8, 'Papardelle', 284),
(1195, 8, 'Penne', 351),
(1196, 8, 'Penne Rigate', 370),
(1197, 8, 'Pierogi', 200),
(1198, 8, 'Pâtes alphabet', 275),
(1199, 8, 'Pâtes au blé complet', 374),
(1200, 8, 'Raviolis', 77),
(1201, 8, 'Rigatonis', 353),
(1202, 8, 'Risoni', 357),
(1203, 8, 'Semoule de blé dur', 397),
(1204, 8, 'Spaetzle', 368),
(1205, 8, 'Spaghettis', 370),
(1206, 8, 'Spaghettis au blé complet', 351),
(1207, 8, 'Spirellis', 367),
(1208, 8, 'Tagliatelles', 370),
(1209, 8, 'Tortellinis', 291),
(1210, 8, 'Tortellinis au fromage', 291),
(1211, 8, 'Tortellinis aux épinards', 314),
(1212, 8, 'Vermicelles', 368),
(1213, 8, 'Amarante', 371),
(1214, 8, 'Amidon de blé ', 351),
(1215, 8, 'Biscotte', 410),
(1216, 8, 'Blé de Khorasan', 337),
(1217, 8, 'Blé précuit (Ebly)', 127),
(1218, 8, 'Bouillie de millet', 46),
(1219, 8, 'Chips de crevettes', 527),
(1220, 8, 'Cracker', 502),
(1221, 8, 'Farine de blé complet', 339),
(1222, 8, 'Farine de millet', 372),
(1223, 8, 'Flocons d\'avoine complet', 375),
(1224, 8, 'Germe de blé', 382),
(1225, 8, 'Gluten de blé', 325),
(1226, 8, 'Graines de lin', 534),
(1227, 8, 'Graines de tournesol', 584),
(1228, 8, 'Gressin', 408),
(1229, 8, 'Maïzena', 381),
(1230, 8, 'Millet', 378),
(1231, 8, 'Orge', 354),
(1232, 8, 'Orge perlée', 352),
(1233, 8, 'Petit beurre', 502),
(1234, 8, 'Polenta', 366),
(1235, 8, 'Quinoa', 368),
(1236, 8, 'Riz complet', 388),
(1237, 8, 'Sagou', 354),
(1238, 8, 'Sarrasin', 343),
(1239, 8, 'Semoule de blé', 360),
(1240, 8, 'Semoule de blé dur', 397),
(1241, 8, 'Semoule de couscous', 376),
(1242, 8, 'Semoule de maïs', 362),
(1243, 8, 'Semoule d\'épeautre', 360),
(1244, 8, 'Son de blé', 216),
(1245, 8, 'Son de seigle', 281),
(1246, 8, 'Son d\'avoine', 246),
(1247, 8, 'Son d\'épeautre', 177),
(1248, 8, 'Stick salé', 380),
(1249, 8, 'Tortilla', 237),
(1250, 8, 'Tortillas chips', 499),
(1251, 8, 'Épeautre', 338),
(1252, 9, 'Blanquette de veau', 137),
(1253, 9, 'Bouillabaisse', 106),
(1254, 9, 'Burrito', 163),
(1255, 9, 'Boeuf bourguignon', 117),
(1256, 9, 'Canard laqué', 225),
(1257, 9, 'Cassoulet', 116),
(1258, 9, 'Chili con carne', 105),
(1259, 9, 'Choucroute', 71),
(1260, 9, 'Coq au vin', 91),
(1261, 9, 'Couscous', 121),
(1262, 9, 'Côtelette de proc', 225),
(1263, 9, 'Dal', 330),
(1264, 9, 'Enchiladas', 168),
(1265, 9, 'Endives au jambon', 91),
(1266, 9, 'Fajita', 117),
(1267, 9, 'Fish and chips', 195),
(1268, 9, 'Dondue bourguignonne', 320),
(1269, 9, 'Fondue savoyarde', 234),
(1270, 9, 'Gigot d\'agneau', 193),
(1271, 9, 'Gratin dauphinois', 120),
(1272, 9, 'Gratin de macaronis', 370),
(1273, 9, 'Hachis parmentier', 145),
(1274, 9, 'Houmous', 177),
(1275, 9, 'Kebab', 215),
(1276, 9, 'Lapin à la moutarde', 146),
(1277, 9, 'Lasagnes', 132),
(1278, 9, 'Moules frites', 188),
(1279, 9, 'Naan', 310),
(1280, 9, 'Paella', 156),
(1281, 9, 'Pain de viande', 254),
(1282, 9, 'Pot-au-feu', 255),
(1283, 9, 'Poulet rôti', 164),
(1284, 9, 'Purée', 83),
(1285, 9, 'Pâtes à la carbonara', 166),
(1286, 9, 'Pâté lorrain', 299),
(1287, 9, 'Quiche', 270),
(1288, 9, 'Raclette', 343),
(1289, 9, 'Ragoût de boeuf', 95),
(1290, 9, 'Raviolis', 203),
(1291, 9, 'Riz cantonais', 186),
(1292, 9, 'Riz complet', 362),
(1293, 9, 'Rouleau de printemps', 250),
(1294, 9, 'Rôti de boeuf', 111),
(1295, 9, 'Salade César au poulet', 127),
(1296, 9, 'Salade de pommes de terre', 143),
(1297, 9, 'Saumon grillé', 171),
(1298, 9, 'Soupe aux pois', 75),
(1299, 9, 'Spaghetti bolognaise', 132),
(1300, 9, 'Steak frites', 244),
(1301, 9, 'Taco', 217),
(1302, 9, 'Tartiflette', 145),
(1303, 9, 'Tomates farcies', 133),
(1304, 9, 'Bisque', 100),
(1305, 9, 'Bouillon', 16),
(1306, 9, 'Bouillon de boeuf', 3),
(1307, 9, 'Bouillon de légumes', 5),
(1308, 9, 'Bouillon de poulet', 16),
(1309, 9, 'Chorba', 350),
(1310, 9, 'Crème de brocoli', 45),
(1311, 9, 'Crème de champignons', 39),
(1312, 9, 'Crème de céleri', 37),
(1313, 9, 'Crème de pommes de terre', 30),
(1314, 9, 'Crème d\'asperges', 35),
(1315, 9, 'Crème d\'oignons', 44),
(1316, 9, 'Garbure', 46),
(1317, 9, 'Gaspacho', 51),
(1318, 9, 'Goulash', 50),
(1319, 9, 'Harira', 110),
(1320, 9, 'Minestrone', 34),
(1321, 9, 'Nouilles instantanées', 436),
(1322, 9, 'Potage aux carottes', 25),
(1323, 9, 'Ramen', 436),
(1324, 9, 'Soupe au chou', 28),
(1325, 9, 'Soupe au fromage et au brocoli', 87),
(1326, 9, 'Soupe aux boulettes de viande', 49),
(1327, 9, 'Soupe aux champignons', 35),
(1328, 9, 'Soupe aux légumes', 28),
(1329, 9, 'Soupes aux nouilles', 34),
(1330, 9, 'Soupes aux pois', 75),
(1331, 9, 'Soupes aux pommes de terre', 80),
(1332, 9, 'Soupe crémeuse au poulet', 48),
(1333, 9, 'Soupe crémeuse aux nouilles et au poulet', 48),
(1334, 9, 'Soupe de brocoli', 87),
(1335, 9, 'Soupe de haricots blancs', 133),
(1336, 9, 'Soupe de lentilles', 56),
(1337, 9, 'Soupe de légumes au poulet', 31),
(1338, 9, 'Soupe de nouilles au boeuf', 34),
(1339, 9, 'Soupe de nouilles au poulet', 25),
(1340, 9, 'Soupe de poisson', 75),
(1341, 9, 'Soupe de poulet au riz', 24),
(1342, 9, 'Soupe de queue de boeuf', 28),
(1343, 9, 'Soupe de riz aux tomates', 47),
(1344, 9, 'Soupe thaï', 60),
(1345, 9, 'Soupe à la carotte et au gingembre', 25),
(1346, 9, 'Soupe à la citrouille', 29),
(1347, 9, 'Soupe à la tomate', 30),
(1348, 9, 'Soupe à l\'oignon', 23),
(1349, 9, 'Soupe de pâte alphabet', 25),
(1350, 9, 'Velouté de chou-fleur', 69),
(1351, 9, 'Velouté de courgettes', 120),
(1352, 9, 'Vichyssoise', 59),
(1353, 10, 'Cacahuètes', 567),
(1354, 10, 'Courge musquée', 612),
(1355, 10, 'Dal', 230),
(1356, 10, 'Flageolets', 85),
(1357, 10, 'Fromage de soja', 235),
(1358, 10, 'Fèves sèches', 345),
(1359, 10, 'Gombo', 33),
(1360, 10, 'Haricots blancs', 336),
(1361, 10, 'Haricots mungo', 12),
(1362, 10, 'Haricots noirs', 341),
(1363, 10, 'Haricots pinto', 347),
(1364, 10, 'Haricots rouges', 124),
(1365, 10, 'Haricots secs', 337),
(1366, 10, 'Haricots verts', 31),
(1367, 10, 'Lentilles', 353),
(1368, 10, 'Lentilles brunes', 353),
(1369, 10, 'Lentilles jaunes', 304),
(1370, 10, 'Lentilles rouges', 329),
(1371, 10, 'Lentilles vertes', 257),
(1372, 10, 'Marron', 210),
(1373, 10, 'Mayonnaise soja', 322),
(1374, 10, 'Miso', 199),
(1375, 10, 'Noix de pécan', 691),
(1376, 10, 'Noix de soja', 471),
(1377, 10, 'Pois', 42),
(1378, 10, 'Pois cassés', 118),
(1379, 10, 'Pois chiches', 364),
(1380, 10, 'Pois chiches noirs', 364),
(1381, 10, 'Pois mange-tout', 42),
(1382, 10, 'Pousses de bambou', 27),
(1383, 10, 'Pousses de soja', 30),
(1384, 10, 'Soja', 147),
(1385, 10, 'Tempeh', 193),
(1386, 10, 'Tofu', 76),
(1387, 10, 'Tofu extra ferme', 91),
(1388, 10, 'Tofu ferme', 70),
(1389, 10, 'Tofu frit', 271),
(1390, 10, 'Tofu soyeux', 55),
(1391, 10, 'Yaourt de soja', 66),
(1392, 10, 'Amandes', 575),
(1393, 10, 'Cacahuètes', 567),
(1394, 10, 'Cajou', 553),
(1395, 10, 'Châtaignes', 213),
(1396, 10, 'Doubeurre', 612),
(1397, 10, 'Faines', 576),
(1398, 10, 'Fruit à pain', 191),
(1399, 10, 'Germes de luzerne', 23),
(1400, 10, 'Glands', 387),
(1401, 10, 'Graines de chia', 486),
(1402, 10, 'Graines de citrouille', 559),
(1403, 10, 'Graines de coton', 506),
(1404, 10, 'Graines de lin', 534),
(1405, 10, 'Graines de lotus', 89),
(1406, 10, 'Graines de pavot', 525),
(1407, 10, 'Graines de sésame', 573),
(1408, 10, 'Graines de tournesol', 584),
(1409, 10, 'Haricots de soja', 147),
(1410, 10, 'Haricots pinto', 347),
(1411, 10, 'Noisettes', 628),
(1412, 10, 'Noix', 654),
(1413, 10, 'Noix de carya', 657),
(1414, 10, 'Noix de coco', 354),
(1415, 10, 'Noix de ginkgo', 182),
(1416, 10, 'Noix de macadamia', 718),
(1417, 10, 'Noix de pécan', 691),
(1418, 10, 'Noix de brésil', 656),
(1419, 10, 'Pastèque', 30),
(1420, 10, 'Pignons', 673),
(1421, 10, 'Pistaches', 562),
(1422, 10, 'Pois', 81),
(1423, 11, 'Beurre', 720),
(1424, 11, 'Beurre clarifié', 120),
(1425, 11, 'Huile de carthame', 857),
(1426, 11, 'Huile de coco', 857),
(1427, 11, 'Huile de colza', 884),
(1428, 11, 'Huile de coton', 882),
(1429, 11, 'Huile de fois de morue', 1000),
(1430, 11, 'Huile de hareng', 902),
(1431, 11, 'Huile de macadamia', 819),
(1432, 11, 'Huile de maïs', 800),
(1433, 11, 'Huile de moutarde', 884),
(1434, 11, 'Huile de noix', 889),
(1435, 11, 'Huile de palme', 882),
(1436, 11, 'Huile de pépins de raisin', 884),
(1437, 11, 'Huile de sardine', 902),
(1438, 11, 'Huile de soja', 889),
(1439, 11, 'Huile de sésame', 884),
(1440, 11, 'Huile de tournesol', 870),
(1441, 11, 'Huile d\'amande', 882),
(1442, 11, 'Huile d\'arachide', 857),
(1443, 11, 'Huile d\'argan', 899),
(1444, 11, 'Huilde d\'avocat', 857),
(1445, 11, 'Huile d\'olive', 884),
(1446, 11, 'Margarine', 717),
(1447, 11, 'Saindoux', 902),
(1448, 12, 'Alose', 252),
(1449, 12, 'Anchois', 131),
(1450, 12, 'Anguille', 236),
(1451, 12, 'Baliste', 93),
(1452, 12, 'Brochet', 113),
(1453, 12, 'Brème', 135),
(1454, 12, 'Calmar', 92),
(1455, 12, 'Carpe', 162),
(1456, 12, 'Caviar', 264),
(1457, 12, 'Chanos', 190),
(1458, 12, 'Coquilles Saint-Jacques', 111),
(1459, 12, 'Crabe', 91),
(1460, 12, 'Encornet', 175),
(1461, 12, 'Espadon', 172),
(1462, 12, 'Esturgeon', 135),
(1463, 12, 'Flet', 86),
(1464, 12, 'Flétan', 111),
(1465, 12, 'Hareng', 203),
(1466, 12, 'Hareng mariné', 262),
(1467, 12, 'Hareng saur', 217),
(1468, 12, 'Hoki', 121),
(1469, 12, 'Homard', 89),
(1470, 12, 'Huitres', 65),
(1471, 12, 'Langouste', 82),
(1472, 12, 'Langoustine', 84),
(1473, 12, 'Lieu jaune', 111),
(1474, 12, 'Lingue blanche', 109),
(1475, 12, 'Lotte', 97),
(1476, 12, 'Loup de mer', 124),
(1477, 12, 'Maquereau', 262),
(1478, 12, 'Merlan', 116),
(1479, 12, 'Merlu', 71),
(1480, 12, 'Morue', 105),
(1481, 12, 'Moule', 172),
(1482, 12, 'Mulet', 150),
(1483, 12, 'Mérou', 118),
(1484, 12, 'Palourde', 148),
(1485, 12, 'Plie', 91),
(1486, 12, 'Poisson blanc', 172),
(1487, 12, 'Poisson Pané', 290),
(1488, 12, 'Poulpe', 164),
(1489, 12, 'Requin', 130),
(1490, 12, 'Rollmops', 171),
(1491, 12, 'Salade de thon', 187),
(1492, 12, 'Sandre', 84),
(1493, 12, 'Sardines', 208),
(1494, 12, 'Saumon', 206),
(1495, 12, 'Sole', 86),
(1496, 12, 'Stromatée à fossettes', 187),
(1497, 12, 'Sushi', 150),
(1498, 12, 'Sébaste', 94),
(1499, 12, 'Tassergal', 159),
(1500, 12, 'Thazard noir', 167),
(1501, 12, 'Thon', 132),
(1502, 12, 'Truite', 190),
(1503, 12, 'Turbot', 122),
(1504, 12, 'Vivaneau', 128),
(1505, 12, 'Écrevisse', 87),
(1506, 12, 'Églefin', 90),
(1507, 12, 'Éperlan', 124),
(1508, 13, 'Beurre de cacahuète', 589),
(1509, 13, 'Beurre d\'amande', 614),
(1510, 13, 'Beurre non salé', 717),
(1511, 13, 'Beurre salé', 717),
(1512, 13, 'Boursin', 414),
(1513, 13, 'Compote de pommes', 68),
(1514, 13, 'Confiture de cassis', 250),
(1515, 13, 'Confiture de cerises', 250),
(1516, 13, 'Confiture de fraises', 250),
(1517, 13, 'Confiture de myrtilles', 250),
(1518, 13, 'Confiture de mûres', 250),
(1519, 13, 'Confiture de prunes', 250),
(1520, 13, 'Confiture d\'abricots', 250),
(1521, 13, 'Confiture d\'oranges', 242),
(1522, 13, 'Crème de spéculoos', 589),
(1523, 13, 'Fromage à la crème', 342),
(1524, 13, 'Fromage à la crème Philadelphia', 342),
(1525, 13, 'Fromage à tartiner', 290),
(1526, 13, 'Gelée', 278),
(1527, 13, 'Gelée de fraises', 250),
(1528, 13, 'Kiri', 310),
(1529, 13, 'Margarine', 717),
(1530, 13, 'Miel', 304),
(1531, 13, 'Miel sauvage', 286),
(1532, 13, 'Nutella', 544),
(1533, 13, 'Oeuf', 161),
(1534, 13, 'Pâte de foie', 305),
(1535, 13, 'Pâté', 319),
(1536, 13, 'Tapenade', 233),
(1537, 13, 'Tartinade au chocolat', 541),
(1538, 13, 'Vache qui rit', 275),
(1539, 14, 'Bagel', 257),
(1540, 14, 'Baguette', 274),
(1541, 14, 'Biscuit', 269),
(1542, 14, 'Bretzel', 338),
(1543, 14, 'Brioche', 346),
(1544, 14, 'Brownies', 405),
(1545, 14, 'Cake à la banane', 326),
(1546, 14, 'Cannoli', 254),
(1547, 14, 'Chapati', 240),
(1548, 14, 'Chausson aux pommes', 348),
(1549, 14, 'Ciabatta', 271),
(1550, 14, 'Cookies aux flocons d\'avoine', 450),
(1551, 14, 'Croissant', 406),
(1552, 14, 'Croissant aux amandes', 400),
(1553, 14, 'Crumpet', 178),
(1554, 14, 'Crêpes', 224),
(1555, 14, 'Cupcakes', 305),
(1556, 14, 'Donut', 421),
(1557, 14, 'Escargot', 75),
(1558, 14, 'Focaccia', 249),
(1559, 14, 'Fougasse', 349),
(1560, 14, 'Galette', 311),
(1561, 14, 'Galette au sarrasin', 161),
(1562, 14, 'Gressin', 400),
(1563, 14, 'Gâteau roulé', 313),
(1564, 14, 'Hallah', 283),
(1565, 14, 'Kanebulle', 436),
(1566, 14, 'Madeleine', 371),
(1567, 14, 'Mauricette', 338),
(1568, 14, 'Muffin', 296),
(1569, 14, 'Naan', 275),
(1570, 14, 'Pain au chocolat', 256),
(1571, 14, 'Pain au lard', 330),
(1572, 14, 'Pain au levain', 289),
(1573, 14, 'Pain aux céréales', 265),
(1574, 14, 'Pain aux noix', 251),
(1575, 14, 'Pain aux raisins', 274),
(1576, 14, 'Pain azyme', 351),
(1577, 14, 'Pain bis', 246),
(1578, 14, 'Pain blanc', 238),
(1579, 14, 'Pain complet', 247),
(1580, 14, 'Pain de campagne', 262),
(1581, 14, 'Pain de maïs', 179),
(1582, 14, 'Pain de mie', 270),
(1583, 14, 'Pain de pommes de terre', 266),
(1584, 14, 'Pain de seigle', 259),
(1585, 14, 'Pain italien', 271),
(1586, 14, 'Pain noir', 250),
(1587, 14, 'Pain pita', 275),
(1588, 14, 'Pain viennois', 375),
(1589, 14, 'Pain à hot dog', 279),
(1590, 14, 'Pain à l\'ail', 350),
(1591, 14, 'Pancake', 233),
(1592, 14, 'Panettone', 318),
(1593, 14, 'Petit pain', 316),
(1594, 14, 'Pide', 268),
(1595, 14, 'Pumpernickel', 250),
(1596, 14, 'Pâte brisée', 544),
(1597, 14, 'Pâte feuilletée', 558),
(1598, 14, 'Quatre-quart', 433),
(1599, 14, 'Roti', 264),
(1600, 14, 'Sablé', 484),
(1601, 14, 'Sandwich', 304),
(1602, 14, 'Scone', 362),
(1603, 14, 'Soda bread', 290),
(1604, 14, 'Soufflé', 204),
(1605, 14, 'Spanakopita', 246),
(1606, 14, 'Tarte', 237),
(1607, 14, 'Tarte aux pommes', 237),
(1608, 14, 'Toast', 261),
(1609, 14, 'Tortilla', 265),
(1610, 15, 'Ajvar', 18),
(1611, 15, 'Arrabiata sauce', 36),
(1612, 15, 'Beurre blanc', 137),
(1613, 15, 'Bolognaise', 106),
(1614, 15, 'Concentré de tomate', 82),
(1615, 15, 'Crème aigre', 217),
(1616, 15, 'Harissa', 52),
(1617, 15, 'Ketchup', 100),
(1618, 15, 'Ketchup au curry', 124),
(1619, 15, 'Mayonnaise', 692),
(1620, 15, 'Moutarde', 60),
(1621, 15, 'Nuoc mam', 54),
(1622, 15, 'Pesto', 458),
(1623, 15, 'Pistou', 514),
(1624, 15, 'Purée de tomates', 38),
(1625, 15, 'Pâte de sésame', 595),
(1626, 15, 'Raifort', 48),
(1627, 15, 'Sambal', 21),
(1628, 15, 'Sauce aigre-douce', 179),
(1629, 15, 'Sauce au jus de viande', 53),
(1630, 15, 'Sauce barbecue', 150),
(1631, 15, 'Sauce béarnaise', 414),
(1632, 15, 'Sauce béchamel', 225),
(1633, 15, 'Sauce chasseur', 45),
(1634, 15, 'Sauce chili', 112),
(1635, 15, 'Sauce curry', 26),
(1636, 15, 'Sauce de soja', 67),
(1637, 15, 'Sauce grand veneur', 77),
(1638, 15, 'Sauce hollandaise', 535),
(1639, 15, 'Sauce italienne', 293),
(1640, 15, 'Sauce Mornay', 480),
(1641, 15, 'Sauce Nantua', 83),
(1642, 15, 'Sauce poulette', 79),
(1643, 15, 'Sauce pour hamburger', 383),
(1644, 15, 'Sauce ranch', 510),
(1645, 15, 'Sauce rémoulade', 635),
(1646, 15, 'Sauce soubise', 130),
(1647, 15, 'Sauce tartare', 516),
(1648, 15, 'Sauce teriyaki', 89),
(1649, 15, 'Sauce tomate', 24),
(1650, 15, 'Sauce Worcestershire', 78),
(1651, 15, 'Sauce à la crème', 180),
(1652, 15, 'Sauce à la crème sure', 60),
(1653, 15, 'Sauce à la moutarde', 645),
(1654, 15, 'Sauce à l\'orange', 179),
(1655, 15, 'Tabasco', 70),
(1656, 15, 'Tzatziki', 94),
(1657, 15, 'Vinaigrette', 120),
(1658, 15, 'Vinaigrette au miel et à la moutarde', 464),
(1659, 15, 'Vinaigrette au vinaigre balsamique', 290),
(1660, 15, 'Vinaigrette au yogourt', 45),
(1661, 15, 'Vinaigrette césar', 429),
(1662, 15, 'Vinaigrette grecque', 467);

-- --------------------------------------------------------

--
-- Table structure for table `food_category`
--

CREATE TABLE `food_category` (
  `id` int(11) NOT NULL,
  `category_name` varchar(255) NOT NULL
) ENGINE=InnoDB DEFAULT CHARSET=utf8;

--
-- Dumping data for table `food_category`
--

INSERT INTO `food_category` (`id`, `category_name`) VALUES
(1, 'Fruits'),
(2, 'Légumes'),
(3, 'Fast-Food'),
(4, 'Produits laitiers'),
(5, 'Viandes'),
(6, 'Sucreries'),
(7, 'Boissons'),
(8, 'Produits Céréaliers'),
(9, 'Plats'),
(10, 'Noix et Légumineuses'),
(11, 'Huiles et Matières grasses'),
(12, 'Poisson et fruits de mers'),
(13, 'Pâte à tartiner et confiture'),
(14, 'Pâtisseries, viennoiseries et pains'),
(15, 'Autres');

-- --------------------------------------------------------

--
-- Table structure for table `saveddata`
--

CREATE TABLE `saveddata` (
  `id` int(11) NOT NULL,
  `cal` float NOT NULL,
  `user_id` int(11) NOT NULL,
  `date` date NOT NULL
) ENGINE=InnoDB DEFAULT CHARSET=utf8;

--
-- Dumping data for table `saveddata`
--

INSERT INTO `saveddata` (`id`, `cal`, `user_id`, `date`) VALUES
(1, 600, 12, '2019-11-18'),
(12, 2800, 12, '2019-11-19'),
(13, 400, 13, '2019-11-19'),
(14, 5000, 15, '2019-11-19'),
(15, 3000, 12, '2019-11-20'),
(16, 400, 12, '2019-11-21'),
(17, 5000, 15, '2019-11-19');

-- --------------------------------------------------------

--
-- Table structure for table `user`
--

CREATE TABLE `user` (
  `id` int(11) NOT NULL,
  `username` varchar(255) NOT NULL,
  `gender` char(1) NOT NULL,
  `email` varchar(255) NOT NULL,
  `password` varchar(255) NOT NULL,
  `birthday` date NOT NULL,
  `height` float NOT NULL,
  `weight` float NOT NULL,
  `frequence_activity` int(11) NOT NULL,
  `BMR` float DEFAULT NULL,
  `BMI` float DEFAULT NULL
) ENGINE=InnoDB DEFAULT CHARSET=utf8;

--
-- Dumping data for table `user`
--

INSERT INTO `user` (`id`, `username`, `gender`, `email`, `password`, `birthday`, `height`, `weight`, `frequence_activity`, `BMR`, `BMI`) VALUES
(12, 'test', 'm', 'tarek.elghoul@outlook.com', 'sha1$b5ea998d$1$88142c70a20dd9b9e388065b8f48e6aac277ab04', '1989-11-14', 188, 80, 2, 3782, 24.9),
(15, 'testtest', 'm', 'tarek.elghoul@outlook.com', 'sha1$31db94f3$1$d11b05b2d010e5d6757639c3d98967b7b77be8f8', '1989-11-14', 188, 88, 3, 5673.75, 24.9),
(16, 'wessbh', 'm', 'wess@gmail.com', 'sha1$17f15e67$1$fb946390784469a05e489d72947921d45e513fef', '1993-10-19', 185, 85, 2, 3763, 24.84),
(17, 'nihahahahahagagagadgdg', 'm', 'tarek.elghoul@outlook.com', 'sha1$10ed5d6b$1$deb245a45829869dedb10c85e49387181b4bf0e1', '1989-11-29', 188, 90, 3, 5734, 25.46),
(18, 'testt', 'm', 'wess@gmail.com', 'sha1$9636745a$1$7a4289e0e67b6df175552977601996e85c100c1f', '1993-10-19', 185, 85, 1, 1881, 24.84);

--
-- Indexes for dumped tables
--

--
-- Indexes for table `activity_calorie`
--
ALTER TABLE `activity_calorie`
  ADD PRIMARY KEY (`id`);

--
-- Indexes for table `dailycal`
--
ALTER TABLE `dailycal`
  ADD PRIMARY KEY (`id`),
  ADD KEY `idUser` (`user_id`);

--
-- Indexes for table `food_calorie`
--
ALTER TABLE `food_calorie`
  ADD PRIMARY KEY (`id`),
  ADD KEY `category` (`category`);

--
-- Indexes for table `food_category`
--
ALTER TABLE `food_category`
  ADD PRIMARY KEY (`id`);

--
-- Indexes for table `saveddata`
--
ALTER TABLE `saveddata`
  ADD PRIMARY KEY (`id`);

--
-- Indexes for table `user`
--
ALTER TABLE `user`
  ADD PRIMARY KEY (`id`);

--
-- AUTO_INCREMENT for dumped tables
--

--
-- AUTO_INCREMENT for table `activity_calorie`
--
ALTER TABLE `activity_calorie`
  MODIFY `id` int(11) NOT NULL AUTO_INCREMENT, AUTO_INCREMENT=26;

--
-- AUTO_INCREMENT for table `dailycal`
--
ALTER TABLE `dailycal`
  MODIFY `id` int(11) NOT NULL AUTO_INCREMENT, AUTO_INCREMENT=14;

--
-- AUTO_INCREMENT for table `food_calorie`
--
ALTER TABLE `food_calorie`
  MODIFY `id` int(11) NOT NULL AUTO_INCREMENT, AUTO_INCREMENT=1663;

--
-- AUTO_INCREMENT for table `food_category`
--
ALTER TABLE `food_category`
  MODIFY `id` int(11) NOT NULL AUTO_INCREMENT, AUTO_INCREMENT=16;

--
-- AUTO_INCREMENT for table `saveddata`
--
ALTER TABLE `saveddata`
  MODIFY `id` int(11) NOT NULL AUTO_INCREMENT, AUTO_INCREMENT=18;

--
-- AUTO_INCREMENT for table `user`
--
ALTER TABLE `user`
  MODIFY `id` int(11) NOT NULL AUTO_INCREMENT, AUTO_INCREMENT=19;

--
-- Constraints for dumped tables
--

--
-- Constraints for table `dailycal`
--
ALTER TABLE `dailycal`
  ADD CONSTRAINT `idUser` FOREIGN KEY (`user_id`) REFERENCES `user` (`id`) ON DELETE CASCADE ON UPDATE CASCADE;

--
-- Constraints for table `food_calorie`
--
ALTER TABLE `food_calorie`
  ADD CONSTRAINT `category` FOREIGN KEY (`category`) REFERENCES `food_category` (`id`) ON DELETE NO ACTION ON UPDATE NO ACTION;

/*!40101 SET CHARACTER_SET_CLIENT=@OLD_CHARACTER_SET_CLIENT */;
/*!40101 SET CHARACTER_SET_RESULTS=@OLD_CHARACTER_SET_RESULTS */;
/*!40101 SET COLLATION_CONNECTION=@OLD_COLLATION_CONNECTION */;
